<?xml version="1.0" encoding="UTF-8"?>
<root>
  <item name="com.google.android.exoplayer2.analytics.AnalyticsCollector void onPlaybackSuppressionReasonChanged(int) 0">
    <annotation name="androidx.annotation.IntDef">
      <val name="value" val="{com.google.android.exoplayer2.Player.PLAYBACK_SUPPRESSION_REASON_NONE, com.google.android.exoplayer2.Player.PLAYBACK_SUPPRESSION_REASON_TRANSIENT_AUDIO_FOCUS_LOSS}" />
    </annotation>
  </item>
  <item name="com.google.android.exoplayer2.analytics.AnalyticsCollector void onPlayerStateChanged(boolean, int) 1">
    <annotation name="androidx.annotation.IntDef">
      <val name="value" val="{com.google.android.exoplayer2.Player.STATE_IDLE, com.google.android.exoplayer2.Player.STATE_BUFFERING, com.google.android.exoplayer2.Player.STATE_READY, com.google.android.exoplayer2.Player.STATE_ENDED}" />
    </annotation>
  </item>
  <item name="com.google.android.exoplayer2.analytics.AnalyticsCollector void onPositionDiscontinuity(int) 0">
    <annotation name="androidx.annotation.IntDef">
      <val name="value" val="{com.google.android.exoplayer2.Player.DISCONTINUITY_REASON_PERIOD_TRANSITION, com.google.android.exoplayer2.Player.DISCONTINUITY_REASON_SEEK, com.google.android.exoplayer2.Player.DISCONTINUITY_REASON_SEEK_ADJUSTMENT, com.google.android.exoplayer2.Player.DISCONTINUITY_REASON_AD_INSERTION, com.google.android.exoplayer2.Player.DISCONTINUITY_REASON_INTERNAL}" />
    </annotation>
  </item>
  <item name="com.google.android.exoplayer2.analytics.AnalyticsCollector void onRepeatModeChanged(int) 0">
    <annotation name="androidx.annotation.IntDef">
      <val name="value" val="{com.google.android.exoplayer2.Player.REPEAT_MODE_OFF, com.google.android.exoplayer2.Player.REPEAT_MODE_ONE, com.google.android.exoplayer2.Player.REPEAT_MODE_ALL}" />
    </annotation>
  </item>
  <item name="com.google.android.exoplayer2.analytics.AnalyticsCollector void onTimelineChanged(com.google.android.exoplayer2.Timeline, int) 1">
    <annotation name="androidx.annotation.IntDef">
      <val name="value" val="{com.google.android.exoplayer2.Player.TIMELINE_CHANGE_REASON_PREPARED, com.google.android.exoplayer2.Player.TIMELINE_CHANGE_REASON_RESET, com.google.android.exoplayer2.Player.TIMELINE_CHANGE_REASON_DYNAMIC}" />
    </annotation>
  </item>
  <item name="com.google.android.exoplayer2.analytics.AnalyticsCollector.MediaPeriodQueueTracker void onPositionDiscontinuity(int) 0">
    <annotation name="androidx.annotation.IntDef">
      <val name="value" val="{com.google.android.exoplayer2.Player.DISCONTINUITY_REASON_PERIOD_TRANSITION, com.google.android.exoplayer2.Player.DISCONTINUITY_REASON_SEEK, com.google.android.exoplayer2.Player.DISCONTINUITY_REASON_SEEK_ADJUSTMENT, com.google.android.exoplayer2.Player.DISCONTINUITY_REASON_AD_INSERTION, com.google.android.exoplayer2.Player.DISCONTINUITY_REASON_INTERNAL}" />
    </annotation>
  </item>
  <item name="com.google.android.exoplayer2.analytics.AnalyticsListener void onPlaybackSuppressionReasonChanged(com.google.android.exoplayer2.analytics.AnalyticsListener.EventTime, int) 1">
    <annotation name="androidx.annotation.IntDef">
      <val name="value" val="{com.google.android.exoplayer2.Player.PLAYBACK_SUPPRESSION_REASON_NONE, com.google.android.exoplayer2.Player.PLAYBACK_SUPPRESSION_REASON_TRANSIENT_AUDIO_FOCUS_LOSS}" />
    </annotation>
  </item>
  <item name="com.google.android.exoplayer2.analytics.AnalyticsListener void onPlayerStateChanged(com.google.android.exoplayer2.analytics.AnalyticsListener.EventTime, boolean, int) 2">
    <annotation name="androidx.annotation.IntDef">
      <val name="value" val="{com.google.android.exoplayer2.Player.STATE_IDLE, com.google.android.exoplayer2.Player.STATE_BUFFERING, com.google.android.exoplayer2.Player.STATE_READY, com.google.android.exoplayer2.Player.STATE_ENDED}" />
    </annotation>
  </item>
  <item name="com.google.android.exoplayer2.analytics.AnalyticsListener void onPositionDiscontinuity(com.google.android.exoplayer2.analytics.AnalyticsListener.EventTime, int) 1">
    <annotation name="androidx.annotation.IntDef">
      <val name="value" val="{com.google.android.exoplayer2.Player.DISCONTINUITY_REASON_PERIOD_TRANSITION, com.google.android.exoplayer2.Player.DISCONTINUITY_REASON_SEEK, com.google.android.exoplayer2.Player.DISCONTINUITY_REASON_SEEK_ADJUSTMENT, com.google.android.exoplayer2.Player.DISCONTINUITY_REASON_AD_INSERTION, com.google.android.exoplayer2.Player.DISCONTINUITY_REASON_INTERNAL}" />
    </annotation>
  </item>
  <item name="com.google.android.exoplayer2.analytics.AnalyticsListener void onRepeatModeChanged(com.google.android.exoplayer2.analytics.AnalyticsListener.EventTime, int) 1">
    <annotation name="androidx.annotation.IntDef">
      <val name="value" val="{com.google.android.exoplayer2.Player.REPEAT_MODE_OFF, com.google.android.exoplayer2.Player.REPEAT_MODE_ONE, com.google.android.exoplayer2.Player.REPEAT_MODE_ALL}" />
    </annotation>
  </item>
  <item name="com.google.android.exoplayer2.analytics.AnalyticsListener void onTimelineChanged(com.google.android.exoplayer2.analytics.AnalyticsListener.EventTime, int) 1">
    <annotation name="androidx.annotation.IntDef">
      <val name="value" val="{com.google.android.exoplayer2.Player.TIMELINE_CHANGE_REASON_PREPARED, com.google.android.exoplayer2.Player.TIMELINE_CHANGE_REASON_RESET, com.google.android.exoplayer2.Player.TIMELINE_CHANGE_REASON_DYNAMIC}" />
    </annotation>
  </item>
  <item name="com.google.android.exoplayer2.analytics.DefaultPlaybackSessionManager void handlePositionDiscontinuity(com.google.android.exoplayer2.analytics.AnalyticsListener.EventTime, int) 1">
    <annotation name="androidx.annotation.IntDef">
      <val name="value" val="{com.google.android.exoplayer2.Player.DISCONTINUITY_REASON_PERIOD_TRANSITION, com.google.android.exoplayer2.Player.DISCONTINUITY_REASON_SEEK, com.google.android.exoplayer2.Player.DISCONTINUITY_REASON_SEEK_ADJUSTMENT, com.google.android.exoplayer2.Player.DISCONTINUITY_REASON_AD_INSERTION, com.google.android.exoplayer2.Player.DISCONTINUITY_REASON_INTERNAL}" />
    </annotation>
  </item>
  <item name="com.google.android.exoplayer2.analytics.PlaybackSessionManager void handlePositionDiscontinuity(com.google.android.exoplayer2.analytics.AnalyticsListener.EventTime, int) 1">
    <annotation name="androidx.annotation.IntDef">
      <val name="value" val="{com.google.android.exoplayer2.Player.DISCONTINUITY_REASON_PERIOD_TRANSITION, com.google.android.exoplayer2.Player.DISCONTINUITY_REASON_SEEK, com.google.android.exoplayer2.Player.DISCONTINUITY_REASON_SEEK_ADJUSTMENT, com.google.android.exoplayer2.Player.DISCONTINUITY_REASON_AD_INSERTION, com.google.android.exoplayer2.Player.DISCONTINUITY_REASON_INTERNAL}" />
    </annotation>
  </item>
  <item name="com.google.android.exoplayer2.analytics.PlaybackStats int getPlaybackStateAtTime(long)">
    <annotation name="androidx.annotation.IntDef">
      <val name="value" val="{com.google.android.exoplayer2.analytics.PlaybackStats.PLAYBACK_STATE_NOT_STARTED, com.google.android.exoplayer2.analytics.PlaybackStats.PLAYBACK_STATE_JOINING_BACKGROUND, com.google.android.exoplayer2.analytics.PlaybackStats.PLAYBACK_STATE_JOINING_FOREGROUND, com.google.android.exoplayer2.analytics.PlaybackStats.PLAYBACK_STATE_PLAYING, com.google.android.exoplayer2.analytics.PlaybackStats.PLAYBACK_STATE_PAUSED, com.google.android.exoplayer2.analytics.PlaybackStats.PLAYBACK_STATE_SEEKING, com.google.android.exoplayer2.analytics.PlaybackStats.PLAYBACK_STATE_BUFFERING, com.google.android.exoplayer2.analytics.PlaybackStats.PLAYBACK_STATE_PAUSED_BUFFERING, com.google.android.exoplayer2.analytics.PlaybackStats.PLAYBACK_STATE_SEEK_BUFFERING, com.google.android.exoplayer2.analytics.PlaybackStats.PLAYBACK_STATE_SUPPRESSED, com.google.android.exoplayer2.analytics.PlaybackStats.PLAYBACK_STATE_SUPPRESSED_BUFFERING, com.google.android.exoplayer2.analytics.PlaybackStats.PLAYBACK_STATE_ENDED, com.google.android.exoplayer2.analytics.PlaybackStats.PLAYBACK_STATE_STOPPED, com.google.android.exoplayer2.analytics.PlaybackStats.PLAYBACK_STATE_FAILED, com.google.android.exoplayer2.analytics.PlaybackStats.PLAYBACK_STATE_INTERRUPTED_BY_AD, com.google.android.exoplayer2.analytics.PlaybackStats.PLAYBACK_STATE_ABANDONED}" />
    </annotation>
  </item>
  <item name="com.google.android.exoplayer2.analytics.PlaybackStats long getPlaybackStateDurationMs(int) 0">
    <annotation name="androidx.annotation.IntDef">
      <val name="value" val="{com.google.android.exoplayer2.analytics.PlaybackStats.PLAYBACK_STATE_NOT_STARTED, com.google.android.exoplayer2.analytics.PlaybackStats.PLAYBACK_STATE_JOINING_BACKGROUND, com.google.android.exoplayer2.analytics.PlaybackStats.PLAYBACK_STATE_JOINING_FOREGROUND, com.google.android.exoplayer2.analytics.PlaybackStats.PLAYBACK_STATE_PLAYING, com.google.android.exoplayer2.analytics.PlaybackStats.PLAYBACK_STATE_PAUSED, com.google.android.exoplayer2.analytics.PlaybackStats.PLAYBACK_STATE_SEEKING, com.google.android.exoplayer2.analytics.PlaybackStats.PLAYBACK_STATE_BUFFERING, com.google.android.exoplayer2.analytics.PlaybackStats.PLAYBACK_STATE_PAUSED_BUFFERING, com.google.android.exoplayer2.analytics.PlaybackStats.PLAYBACK_STATE_SEEK_BUFFERING, com.google.android.exoplayer2.analytics.PlaybackStats.PLAYBACK_STATE_SUPPRESSED, com.google.android.exoplayer2.analytics.PlaybackStats.PLAYBACK_STATE_SUPPRESSED_BUFFERING, com.google.android.exoplayer2.analytics.PlaybackStats.PLAYBACK_STATE_ENDED, com.google.android.exoplayer2.analytics.PlaybackStats.PLAYBACK_STATE_STOPPED, com.google.android.exoplayer2.analytics.PlaybackStats.PLAYBACK_STATE_FAILED, com.google.android.exoplayer2.analytics.PlaybackStats.PLAYBACK_STATE_INTERRUPTED_BY_AD, com.google.android.exoplayer2.analytics.PlaybackStats.PLAYBACK_STATE_ABANDONED}" />
    </annotation>
  </item>
  <item name="com.google.android.exoplayer2.analytics.PlaybackStatsListener playbackState">
    <annotation name="androidx.annotation.IntDef">
      <val name="value" val="{com.google.android.exoplayer2.Player.STATE_IDLE, com.google.android.exoplayer2.Player.STATE_BUFFERING, com.google.android.exoplayer2.Player.STATE_READY, com.google.android.exoplayer2.Player.STATE_ENDED}" />
    </annotation>
  </item>
  <item name="com.google.android.exoplayer2.analytics.PlaybackStatsListener void onPlayerStateChanged(com.google.android.exoplayer2.analytics.AnalyticsListener.EventTime, boolean, int) 2">
    <annotation name="androidx.annotation.IntDef">
      <val name="value" val="{com.google.android.exoplayer2.Player.STATE_IDLE, com.google.android.exoplayer2.Player.STATE_BUFFERING, com.google.android.exoplayer2.Player.STATE_READY, com.google.android.exoplayer2.Player.STATE_ENDED}" />
    </annotation>
  </item>
  <item name="com.google.android.exoplayer2.analytics.PlaybackStatsListener.PlaybackStatsTracker boolean isInvalidJoinTransition(int, int) 0">
    <annotation name="androidx.annotation.IntDef">
      <val name="value" val="{com.google.android.exoplayer2.analytics.PlaybackStats.PLAYBACK_STATE_NOT_STARTED, com.google.android.exoplayer2.analytics.PlaybackStats.PLAYBACK_STATE_JOINING_BACKGROUND, com.google.android.exoplayer2.analytics.PlaybackStats.PLAYBACK_STATE_JOINING_FOREGROUND, com.google.android.exoplayer2.analytics.PlaybackStats.PLAYBACK_STATE_PLAYING, com.google.android.exoplayer2.analytics.PlaybackStats.PLAYBACK_STATE_PAUSED, com.google.android.exoplayer2.analytics.PlaybackStats.PLAYBACK_STATE_SEEKING, com.google.android.exoplayer2.analytics.PlaybackStats.PLAYBACK_STATE_BUFFERING, com.google.android.exoplayer2.analytics.PlaybackStats.PLAYBACK_STATE_PAUSED_BUFFERING, com.google.android.exoplayer2.analytics.PlaybackStats.PLAYBACK_STATE_SEEK_BUFFERING, com.google.android.exoplayer2.analytics.PlaybackStats.PLAYBACK_STATE_SUPPRESSED, com.google.android.exoplayer2.analytics.PlaybackStats.PLAYBACK_STATE_SUPPRESSED_BUFFERING, com.google.android.exoplayer2.analytics.PlaybackStats.PLAYBACK_STATE_ENDED, com.google.android.exoplayer2.analytics.PlaybackStats.PLAYBACK_STATE_STOPPED, com.google.android.exoplayer2.analytics.PlaybackStats.PLAYBACK_STATE_FAILED, com.google.android.exoplayer2.analytics.PlaybackStats.PLAYBACK_STATE_INTERRUPTED_BY_AD, com.google.android.exoplayer2.analytics.PlaybackStats.PLAYBACK_STATE_ABANDONED}" />
    </annotation>
  </item>
  <item name="com.google.android.exoplayer2.analytics.PlaybackStatsListener.PlaybackStatsTracker boolean isInvalidJoinTransition(int, int) 1">
    <annotation name="androidx.annotation.IntDef">
      <val name="value" val="{com.google.android.exoplayer2.analytics.PlaybackStats.PLAYBACK_STATE_NOT_STARTED, com.google.android.exoplayer2.analytics.PlaybackStats.PLAYBACK_STATE_JOINING_BACKGROUND, com.google.android.exoplayer2.analytics.PlaybackStats.PLAYBACK_STATE_JOINING_FOREGROUND, com.google.android.exoplayer2.analytics.PlaybackStats.PLAYBACK_STATE_PLAYING, com.google.android.exoplayer2.analytics.PlaybackStats.PLAYBACK_STATE_PAUSED, com.google.android.exoplayer2.analytics.PlaybackStats.PLAYBACK_STATE_SEEKING, com.google.android.exoplayer2.analytics.PlaybackStats.PLAYBACK_STATE_BUFFERING, com.google.android.exoplayer2.analytics.PlaybackStats.PLAYBACK_STATE_PAUSED_BUFFERING, com.google.android.exoplayer2.analytics.PlaybackStats.PLAYBACK_STATE_SEEK_BUFFERING, com.google.android.exoplayer2.analytics.PlaybackStats.PLAYBACK_STATE_SUPPRESSED, com.google.android.exoplayer2.analytics.PlaybackStats.PLAYBACK_STATE_SUPPRESSED_BUFFERING, com.google.android.exoplayer2.analytics.PlaybackStats.PLAYBACK_STATE_ENDED, com.google.android.exoplayer2.analytics.PlaybackStats.PLAYBACK_STATE_STOPPED, com.google.android.exoplayer2.analytics.PlaybackStats.PLAYBACK_STATE_FAILED, com.google.android.exoplayer2.analytics.PlaybackStats.PLAYBACK_STATE_INTERRUPTED_BY_AD, com.google.android.exoplayer2.analytics.PlaybackStats.PLAYBACK_STATE_ABANDONED}" />
    </annotation>
  </item>
  <item name="com.google.android.exoplayer2.analytics.PlaybackStatsListener.PlaybackStatsTracker boolean isPausedState(int) 0">
    <annotation name="androidx.annotation.IntDef">
      <val name="value" val="{com.google.android.exoplayer2.analytics.PlaybackStats.PLAYBACK_STATE_NOT_STARTED, com.google.android.exoplayer2.analytics.PlaybackStats.PLAYBACK_STATE_JOINING_BACKGROUND, com.google.android.exoplayer2.analytics.PlaybackStats.PLAYBACK_STATE_JOINING_FOREGROUND, com.google.android.exoplayer2.analytics.PlaybackStats.PLAYBACK_STATE_PLAYING, com.google.android.exoplayer2.analytics.PlaybackStats.PLAYBACK_STATE_PAUSED, com.google.android.exoplayer2.analytics.PlaybackStats.PLAYBACK_STATE_SEEKING, com.google.android.exoplayer2.analytics.PlaybackStats.PLAYBACK_STATE_BUFFERING, com.google.android.exoplayer2.analytics.PlaybackStats.PLAYBACK_STATE_PAUSED_BUFFERING, com.google.android.exoplayer2.analytics.PlaybackStats.PLAYBACK_STATE_SEEK_BUFFERING, com.google.android.exoplayer2.analytics.PlaybackStats.PLAYBACK_STATE_SUPPRESSED, com.google.android.exoplayer2.analytics.PlaybackStats.PLAYBACK_STATE_SUPPRESSED_BUFFERING, com.google.android.exoplayer2.analytics.PlaybackStats.PLAYBACK_STATE_ENDED, com.google.android.exoplayer2.analytics.PlaybackStats.PLAYBACK_STATE_STOPPED, com.google.android.exoplayer2.analytics.PlaybackStats.PLAYBACK_STATE_FAILED, com.google.android.exoplayer2.analytics.PlaybackStats.PLAYBACK_STATE_INTERRUPTED_BY_AD, com.google.android.exoplayer2.analytics.PlaybackStats.PLAYBACK_STATE_ABANDONED}" />
    </annotation>
  </item>
  <item name="com.google.android.exoplayer2.analytics.PlaybackStatsListener.PlaybackStatsTracker boolean isReadyState(int) 0">
    <annotation name="androidx.annotation.IntDef">
      <val name="value" val="{com.google.android.exoplayer2.analytics.PlaybackStats.PLAYBACK_STATE_NOT_STARTED, com.google.android.exoplayer2.analytics.PlaybackStats.PLAYBACK_STATE_JOINING_BACKGROUND, com.google.android.exoplayer2.analytics.PlaybackStats.PLAYBACK_STATE_JOINING_FOREGROUND, com.google.android.exoplayer2.analytics.PlaybackStats.PLAYBACK_STATE_PLAYING, com.google.android.exoplayer2.analytics.PlaybackStats.PLAYBACK_STATE_PAUSED, com.google.android.exoplayer2.analytics.PlaybackStats.PLAYBACK_STATE_SEEKING, com.google.android.exoplayer2.analytics.PlaybackStats.PLAYBACK_STATE_BUFFERING, com.google.android.exoplayer2.analytics.PlaybackStats.PLAYBACK_STATE_PAUSED_BUFFERING, com.google.android.exoplayer2.analytics.PlaybackStats.PLAYBACK_STATE_SEEK_BUFFERING, com.google.android.exoplayer2.analytics.PlaybackStats.PLAYBACK_STATE_SUPPRESSED, com.google.android.exoplayer2.analytics.PlaybackStats.PLAYBACK_STATE_SUPPRESSED_BUFFERING, com.google.android.exoplayer2.analytics.PlaybackStats.PLAYBACK_STATE_ENDED, com.google.android.exoplayer2.analytics.PlaybackStats.PLAYBACK_STATE_STOPPED, com.google.android.exoplayer2.analytics.PlaybackStats.PLAYBACK_STATE_FAILED, com.google.android.exoplayer2.analytics.PlaybackStats.PLAYBACK_STATE_INTERRUPTED_BY_AD, com.google.android.exoplayer2.analytics.PlaybackStats.PLAYBACK_STATE_ABANDONED}" />
    </annotation>
  </item>
  <item name="com.google.android.exoplayer2.analytics.PlaybackStatsListener.PlaybackStatsTracker boolean isRebufferingState(int) 0">
    <annotation name="androidx.annotation.IntDef">
      <val name="value" val="{com.google.android.exoplayer2.analytics.PlaybackStats.PLAYBACK_STATE_NOT_STARTED, com.google.android.exoplayer2.analytics.PlaybackStats.PLAYBACK_STATE_JOINING_BACKGROUND, com.google.android.exoplayer2.analytics.PlaybackStats.PLAYBACK_STATE_JOINING_FOREGROUND, com.google.android.exoplayer2.analytics.PlaybackStats.PLAYBACK_STATE_PLAYING, com.google.android.exoplayer2.analytics.PlaybackStats.PLAYBACK_STATE_PAUSED, com.google.android.exoplayer2.analytics.PlaybackStats.PLAYBACK_STATE_SEEKING, com.google.android.exoplayer2.analytics.PlaybackStats.PLAYBACK_STATE_BUFFERING, com.google.android.exoplayer2.analytics.PlaybackStats.PLAYBACK_STATE_PAUSED_BUFFERING, com.google.android.exoplayer2.analytics.PlaybackStats.PLAYBACK_STATE_SEEK_BUFFERING, com.google.android.exoplayer2.analytics.PlaybackStats.PLAYBACK_STATE_SUPPRESSED, com.google.android.exoplayer2.analytics.PlaybackStats.PLAYBACK_STATE_SUPPRESSED_BUFFERING, com.google.android.exoplayer2.analytics.PlaybackStats.PLAYBACK_STATE_ENDED, com.google.android.exoplayer2.analytics.PlaybackStats.PLAYBACK_STATE_STOPPED, com.google.android.exoplayer2.analytics.PlaybackStats.PLAYBACK_STATE_FAILED, com.google.android.exoplayer2.analytics.PlaybackStats.PLAYBACK_STATE_INTERRUPTED_BY_AD, com.google.android.exoplayer2.analytics.PlaybackStats.PLAYBACK_STATE_ABANDONED}" />
    </annotation>
  </item>
  <item name="com.google.android.exoplayer2.analytics.PlaybackStatsListener.PlaybackStatsTracker currentPlaybackState">
    <annotation name="androidx.annotation.IntDef">
      <val name="value" val="{com.google.android.exoplayer2.analytics.PlaybackStats.PLAYBACK_STATE_NOT_STARTED, com.google.android.exoplayer2.analytics.PlaybackStats.PLAYBACK_STATE_JOINING_BACKGROUND, com.google.android.exoplayer2.analytics.PlaybackStats.PLAYBACK_STATE_JOINING_FOREGROUND, com.google.android.exoplayer2.analytics.PlaybackStats.PLAYBACK_STATE_PLAYING, com.google.android.exoplayer2.analytics.PlaybackStats.PLAYBACK_STATE_PAUSED, com.google.android.exoplayer2.analytics.PlaybackStats.PLAYBACK_STATE_SEEKING, com.google.android.exoplayer2.analytics.PlaybackStats.PLAYBACK_STATE_BUFFERING, com.google.android.exoplayer2.analytics.PlaybackStats.PLAYBACK_STATE_PAUSED_BUFFERING, com.google.android.exoplayer2.analytics.PlaybackStats.PLAYBACK_STATE_SEEK_BUFFERING, com.google.android.exoplayer2.analytics.PlaybackStats.PLAYBACK_STATE_SUPPRESSED, com.google.android.exoplayer2.analytics.PlaybackStats.PLAYBACK_STATE_SUPPRESSED_BUFFERING, com.google.android.exoplayer2.analytics.PlaybackStats.PLAYBACK_STATE_ENDED, com.google.android.exoplayer2.analytics.PlaybackStats.PLAYBACK_STATE_STOPPED, com.google.android.exoplayer2.analytics.PlaybackStats.PLAYBACK_STATE_FAILED, com.google.android.exoplayer2.analytics.PlaybackStats.PLAYBACK_STATE_INTERRUPTED_BY_AD, com.google.android.exoplayer2.analytics.PlaybackStats.PLAYBACK_STATE_ABANDONED}" />
    </annotation>
  </item>
  <item name="com.google.android.exoplayer2.analytics.PlaybackStatsListener.PlaybackStatsTracker int resolveNewPlaybackState()">
    <annotation name="androidx.annotation.IntDef">
      <val name="value" val="{com.google.android.exoplayer2.analytics.PlaybackStats.PLAYBACK_STATE_NOT_STARTED, com.google.android.exoplayer2.analytics.PlaybackStats.PLAYBACK_STATE_JOINING_BACKGROUND, com.google.android.exoplayer2.analytics.PlaybackStats.PLAYBACK_STATE_JOINING_FOREGROUND, com.google.android.exoplayer2.analytics.PlaybackStats.PLAYBACK_STATE_PLAYING, com.google.android.exoplayer2.analytics.PlaybackStats.PLAYBACK_STATE_PAUSED, com.google.android.exoplayer2.analytics.PlaybackStats.PLAYBACK_STATE_SEEKING, com.google.android.exoplayer2.analytics.PlaybackStats.PLAYBACK_STATE_BUFFERING, com.google.android.exoplayer2.analytics.PlaybackStats.PLAYBACK_STATE_PAUSED_BUFFERING, com.google.android.exoplayer2.analytics.PlaybackStats.PLAYBACK_STATE_SEEK_BUFFERING, com.google.android.exoplayer2.analytics.PlaybackStats.PLAYBACK_STATE_SUPPRESSED, com.google.android.exoplayer2.analytics.PlaybackStats.PLAYBACK_STATE_SUPPRESSED_BUFFERING, com.google.android.exoplayer2.analytics.PlaybackStats.PLAYBACK_STATE_ENDED, com.google.android.exoplayer2.analytics.PlaybackStats.PLAYBACK_STATE_STOPPED, com.google.android.exoplayer2.analytics.PlaybackStats.PLAYBACK_STATE_FAILED, com.google.android.exoplayer2.analytics.PlaybackStats.PLAYBACK_STATE_INTERRUPTED_BY_AD, com.google.android.exoplayer2.analytics.PlaybackStats.PLAYBACK_STATE_ABANDONED}" />
    </annotation>
  </item>
  <item name="com.google.android.exoplayer2.analytics.PlaybackStatsListener.PlaybackStatsTracker playerPlaybackState">
    <annotation name="androidx.annotation.IntDef">
      <val name="value" val="{com.google.android.exoplayer2.Player.STATE_IDLE, com.google.android.exoplayer2.Player.STATE_BUFFERING, com.google.android.exoplayer2.Player.STATE_READY, com.google.android.exoplayer2.Player.STATE_ENDED}" />
    </annotation>
  </item>
  <item name="com.google.android.exoplayer2.analytics.PlaybackStatsListener.PlaybackStatsTracker void onPlayerStateChanged(com.google.android.exoplayer2.analytics.AnalyticsListener.EventTime, boolean, int, boolean) 2">
    <annotation name="androidx.annotation.IntDef">
      <val name="value" val="{com.google.android.exoplayer2.Player.STATE_IDLE, com.google.android.exoplayer2.Player.STATE_BUFFERING, com.google.android.exoplayer2.Player.STATE_READY, com.google.android.exoplayer2.Player.STATE_ENDED}" />
    </annotation>
  </item>
</root>

