<?xml version="1.0" encoding="UTF-8"?>
<root>
  <item name="com.google.android.exoplayer2.extractor.mkv.DefaultEbmlReader elementState">
    <annotation name="androidx.annotation.IntDef">
      <val name="value" val="{com.google.android.exoplayer2.extractor.mkv.DefaultEbmlReader.ELEMENT_STATE_READ_ID, com.google.android.exoplayer2.extractor.mkv.DefaultEbmlReader.ELEMENT_STATE_READ_CONTENT_SIZE, com.google.android.exoplayer2.extractor.mkv.DefaultEbmlReader.ELEMENT_STATE_READ_CONTENT}" />
    </annotation>
  </item>
  <item name="com.google.android.exoplayer2.extractor.mkv.EbmlProcessor int getElementType(int)">
    <annotation name="androidx.annotation.IntDef">
      <val name="value" val="{com.google.android.exoplayer2.extractor.mkv.EbmlProcessor.ELEMENT_TYPE_UNKNOWN, com.google.android.exoplayer2.extractor.mkv.EbmlProcessor.ELEMENT_TYPE_MASTER, com.google.android.exoplayer2.extractor.mkv.EbmlProcessor.ELEMENT_TYPE_UNSIGNED_INT, com.google.android.exoplayer2.extractor.mkv.EbmlProcessor.ELEMENT_TYPE_STRING, com.google.android.exoplayer2.extractor.mkv.EbmlProcessor.ELEMENT_TYPE_BINARY, com.google.android.exoplayer2.extractor.mkv.EbmlProcessor.ELEMENT_TYPE_FLOAT}" />
    </annotation>
  </item>
  <item name="com.google.android.exoplayer2.extractor.mkv.EbmlProcessor.ElementType">
    <annotation name="androidx.annotation.IntDef">
      <val name="value" val="{com.google.android.exoplayer2.extractor.mkv.EbmlProcessor.ELEMENT_TYPE_UNKNOWN, com.google.android.exoplayer2.extractor.mkv.EbmlProcessor.ELEMENT_TYPE_MASTER, com.google.android.exoplayer2.extractor.mkv.EbmlProcessor.ELEMENT_TYPE_UNSIGNED_INT, com.google.android.exoplayer2.extractor.mkv.EbmlProcessor.ELEMENT_TYPE_STRING, com.google.android.exoplayer2.extractor.mkv.EbmlProcessor.ELEMENT_TYPE_BINARY, com.google.android.exoplayer2.extractor.mkv.EbmlProcessor.ELEMENT_TYPE_FLOAT}" />
    </annotation>
  </item>
  <item name="com.google.android.exoplayer2.extractor.mkv.MatroskaExtractor MatroskaExtractor(com.google.android.exoplayer2.extractor.mkv.EbmlReader, int) 1">
    <annotation name="androidx.annotation.IntDef">
      <val name="flag" val="true" />
      <val name="value" val="{com.google.android.exoplayer2.extractor.mkv.MatroskaExtractor.FLAG_DISABLE_SEEK_FOR_CUES}" />
    </annotation>
  </item>
  <item name="com.google.android.exoplayer2.extractor.mkv.MatroskaExtractor MatroskaExtractor(int) 0">
    <annotation name="androidx.annotation.IntDef">
      <val name="flag" val="true" />
      <val name="value" val="{com.google.android.exoplayer2.extractor.mkv.MatroskaExtractor.FLAG_DISABLE_SEEK_FOR_CUES}" />
    </annotation>
  </item>
  <item name="com.google.android.exoplayer2.extractor.mkv.MatroskaExtractor blockFlags">
    <annotation name="androidx.annotation.IntDef">
      <val name="flag" val="true" />
      <val name="value" val="{com.google.android.exoplayer2.C.BUFFER_FLAG_KEY_FRAME, com.google.android.exoplayer2.C.BUFFER_FLAG_END_OF_STREAM, com.google.android.exoplayer2.C.BUFFER_FLAG_HAS_SUPPLEMENTAL_DATA, com.google.android.exoplayer2.C.BUFFER_FLAG_LAST_SAMPLE, com.google.android.exoplayer2.C.BUFFER_FLAG_ENCRYPTED, com.google.android.exoplayer2.C.BUFFER_FLAG_DECODE_ONLY}" />
    </annotation>
  </item>
  <item name="com.google.android.exoplayer2.extractor.mkv.MatroskaExtractor int getElementType(int)">
    <annotation name="androidx.annotation.IntDef">
      <val name="value" val="{com.google.android.exoplayer2.extractor.mkv.EbmlProcessor.ELEMENT_TYPE_UNKNOWN, com.google.android.exoplayer2.extractor.mkv.EbmlProcessor.ELEMENT_TYPE_MASTER, com.google.android.exoplayer2.extractor.mkv.EbmlProcessor.ELEMENT_TYPE_UNSIGNED_INT, com.google.android.exoplayer2.extractor.mkv.EbmlProcessor.ELEMENT_TYPE_STRING, com.google.android.exoplayer2.extractor.mkv.EbmlProcessor.ELEMENT_TYPE_BINARY, com.google.android.exoplayer2.extractor.mkv.EbmlProcessor.ELEMENT_TYPE_FLOAT}" />
    </annotation>
  </item>
  <item name="com.google.android.exoplayer2.extractor.mkv.MatroskaExtractor void commitSampleToOutput(com.google.android.exoplayer2.extractor.mkv.MatroskaExtractor.Track, long, int, int, int) 2">
    <annotation name="androidx.annotation.IntDef">
      <val name="flag" val="true" />
      <val name="value" val="{com.google.android.exoplayer2.C.BUFFER_FLAG_KEY_FRAME, com.google.android.exoplayer2.C.BUFFER_FLAG_END_OF_STREAM, com.google.android.exoplayer2.C.BUFFER_FLAG_HAS_SUPPLEMENTAL_DATA, com.google.android.exoplayer2.C.BUFFER_FLAG_LAST_SAMPLE, com.google.android.exoplayer2.C.BUFFER_FLAG_ENCRYPTED, com.google.android.exoplayer2.C.BUFFER_FLAG_DECODE_ONLY}" />
    </annotation>
  </item>
  <item name="com.google.android.exoplayer2.extractor.mkv.MatroskaExtractor.Flags">
    <annotation name="androidx.annotation.IntDef">
      <val name="flag" val="true" />
      <val name="value" val="{com.google.android.exoplayer2.extractor.mkv.MatroskaExtractor.FLAG_DISABLE_SEEK_FOR_CUES}" />
    </annotation>
  </item>
  <item name="com.google.android.exoplayer2.extractor.mkv.MatroskaExtractor.InnerEbmlProcessor int getElementType(int)">
    <annotation name="androidx.annotation.IntDef">
      <val name="value" val="{com.google.android.exoplayer2.extractor.mkv.EbmlProcessor.ELEMENT_TYPE_UNKNOWN, com.google.android.exoplayer2.extractor.mkv.EbmlProcessor.ELEMENT_TYPE_MASTER, com.google.android.exoplayer2.extractor.mkv.EbmlProcessor.ELEMENT_TYPE_UNSIGNED_INT, com.google.android.exoplayer2.extractor.mkv.EbmlProcessor.ELEMENT_TYPE_STRING, com.google.android.exoplayer2.extractor.mkv.EbmlProcessor.ELEMENT_TYPE_BINARY, com.google.android.exoplayer2.extractor.mkv.EbmlProcessor.ELEMENT_TYPE_FLOAT}" />
    </annotation>
  </item>
  <item name="com.google.android.exoplayer2.extractor.mkv.MatroskaExtractor.Track colorRange">
    <annotation name="androidx.annotation.IntDef">
      <val name="value" val="{com.google.android.exoplayer2.Format.NO_VALUE, com.google.android.exoplayer2.C.COLOR_RANGE_LIMITED, com.google.android.exoplayer2.C.COLOR_RANGE_FULL}" />
    </annotation>
  </item>
  <item name="com.google.android.exoplayer2.extractor.mkv.MatroskaExtractor.Track colorSpace">
    <annotation name="androidx.annotation.IntDef">
      <val name="value" val="{com.google.android.exoplayer2.Format.NO_VALUE, com.google.android.exoplayer2.C.COLOR_SPACE_BT709, com.google.android.exoplayer2.C.COLOR_SPACE_BT601, com.google.android.exoplayer2.C.COLOR_SPACE_BT2020}" />
    </annotation>
  </item>
  <item name="com.google.android.exoplayer2.extractor.mkv.MatroskaExtractor.Track colorTransfer">
    <annotation name="androidx.annotation.IntDef">
      <val name="value" val="{com.google.android.exoplayer2.Format.NO_VALUE, com.google.android.exoplayer2.C.COLOR_TRANSFER_SDR, com.google.android.exoplayer2.C.COLOR_TRANSFER_ST2084, com.google.android.exoplayer2.C.COLOR_TRANSFER_HLG}" />
    </annotation>
  </item>
  <item name="com.google.android.exoplayer2.extractor.mkv.MatroskaExtractor.Track projectionType">
    <annotation name="androidx.annotation.IntDef">
      <val name="value" val="{com.google.android.exoplayer2.Format.NO_VALUE, com.google.android.exoplayer2.C.PROJECTION_RECTANGULAR, com.google.android.exoplayer2.C.PROJECTION_EQUIRECTANGULAR, com.google.android.exoplayer2.C.PROJECTION_CUBEMAP, com.google.android.exoplayer2.C.PROJECTION_MESH}" />
    </annotation>
  </item>
  <item name="com.google.android.exoplayer2.extractor.mkv.MatroskaExtractor.Track stereoMode">
    <annotation name="androidx.annotation.IntDef">
      <val name="value" val="{com.google.android.exoplayer2.Format.NO_VALUE, com.google.android.exoplayer2.C.STEREO_MODE_MONO, com.google.android.exoplayer2.C.STEREO_MODE_TOP_BOTTOM, com.google.android.exoplayer2.C.STEREO_MODE_LEFT_RIGHT, com.google.android.exoplayer2.C.STEREO_MODE_STEREO_MESH}" />
    </annotation>
  </item>
  <item name="com.google.android.exoplayer2.extractor.mkv.MatroskaExtractor.TrueHdSampleRechunker chunkFlags">
    <annotation name="androidx.annotation.IntDef">
      <val name="flag" val="true" />
      <val name="value" val="{com.google.android.exoplayer2.C.BUFFER_FLAG_KEY_FRAME, com.google.android.exoplayer2.C.BUFFER_FLAG_END_OF_STREAM, com.google.android.exoplayer2.C.BUFFER_FLAG_HAS_SUPPLEMENTAL_DATA, com.google.android.exoplayer2.C.BUFFER_FLAG_LAST_SAMPLE, com.google.android.exoplayer2.C.BUFFER_FLAG_ENCRYPTED, com.google.android.exoplayer2.C.BUFFER_FLAG_DECODE_ONLY}" />
    </annotation>
  </item>
  <item name="com.google.android.exoplayer2.extractor.mkv.MatroskaExtractor.TrueHdSampleRechunker void sampleMetadata(com.google.android.exoplayer2.extractor.mkv.MatroskaExtractor.Track, long, int, int, int) 2">
    <annotation name="androidx.annotation.IntDef">
      <val name="flag" val="true" />
      <val name="value" val="{com.google.android.exoplayer2.C.BUFFER_FLAG_KEY_FRAME, com.google.android.exoplayer2.C.BUFFER_FLAG_END_OF_STREAM, com.google.android.exoplayer2.C.BUFFER_FLAG_HAS_SUPPLEMENTAL_DATA, com.google.android.exoplayer2.C.BUFFER_FLAG_LAST_SAMPLE, com.google.android.exoplayer2.C.BUFFER_FLAG_ENCRYPTED, com.google.android.exoplayer2.C.BUFFER_FLAG_DECODE_ONLY}" />
    </annotation>
  </item>
</root>

